순위,영화명,개봉일,매출액,매출액 점유율,관객수,스크린수,상영횟수,대표국적,국적,배급사
1,괴물,2006.7.27,"66,715,713,300",7.5%,"10,917,153",647,"113,073",한국,한국,(주)쇼박스
2,왕의 남자,2005.12.29,"61,605,851,900",6.9%,"9,793,917",313,"106,179",한국,한국,(주)시네마서비스
3,타짜,2006.9.28,"36,180,800,700",4.1%,"5,685,441",492,"76,872",한국,한국,씨제이엔터테인먼트
4,미션 임파서블 3,2006.5.3,"32,154,883,400",3.6%,"5,127,003",441,"72,573",미국,미국,UIP코리아
5,투사부일체,2006.1.19,"31,959,686,000",3.6%,"5,074,314",407,"54,339",한국,한국,씨제이엔터테인먼트
6,캐리비안의 해적 : 망자의 함,2006.7.6,"23,832,939,000",2.7%,"3,911,617",456,"49,636",미국,미국,브에나비스타인터내셔널코리아
7,한반도,2006.7.13,"20,597,497,600",2.3%,"3,331,593",483,"49,539",한국,한국,씨제이엔터테인먼트
8,미녀는 괴로워,2006.12.14,"18,919,439,500",2.1%,"3,224,865",418,"36,689",한국,한국,(주)쇼박스
9,다빈치 코드,2006.5.18,"18,873,057,800",2.1%,"3,022,936",514,"42,856",미국,미국,소니픽쳐스릴리징코리아
10,가문의 부활 - 가문의 영광3,2006.9.21,"15,996,330,400",1.8%,"2,598,859",444,"51,434",한국,한국,(주)쇼박스
11,우리들의 행복한 시간,2006.9.14,"14,938,308,000",1.7%,"2,472,035",414,"47,297",한국,한국,(주)프라임엔터테인먼트
12,박물관이 살아있다!,2006.12.21,"13,344,327,300",1.5%,"2,336,453",345,"22,483",미국,미국,이십세기폭스코리아(주)
13,포세이돈,2006.5.31,"14,588,094,300",1.6%,"2,316,695",338,"43,841",미국,미국,워너브러더스 코리아(주)
14,음란서생,2006.2.23,"14,944,528,700",1.7%,"2,304,365",347,"38,964",한국,한국,씨제이엔터테인먼트
15,"달콤, 살벌한 연인",2006.4.6,"13,426,707,100",1.5%,"2,077,590",246,"38,034",한국,한국,씨제이엔터테인먼트
16,맨발의 기봉이,2006.4.26,"12,239,242,400",1.4%,"2,005,180",271,"39,975",한국,한국,(주)쇼박스
17,비열한 거리,2006.6.15,"11,664,597,600",1.3%,"1,829,887",306,"34,064",한국,한국,씨제이엔터테인먼트
18,엑스맨 : 최후의 전쟁,2006.6.15,"11,275,475,200",1.3%,"1,793,310",373,"38,570",미국,미국,이십세기폭스코리아(주)
19,사생결단,2006.4.27,"10,934,307,100",1.2%,"1,724,709",288,"33,257",한국,한국,씨제이이앤엠(주)
20,수퍼맨 리턴즈,2006.6.28,"10,825,645,300",1.2%,"1,702,765",366,"29,982",미국,미국,워너브러더스 코리아(주)
21,구세주,2006.2.16,"10,087,308,700",1.1%,"1,621,131",206,"31,939",한국,한국,쇼이스트(주)
22,라디오 스타,2006.9.28,"9,860,721,500",1.1%,"1,590,666",244,"38,926",한국,한국,(주)시네마서비스
23,청춘만화,2006.3.23,"9,785,168,000",1.1%,"1,567,514",298,"32,939",한국,한국,(주)쇼박스
24,흡혈형사 나도열,2006.2.9,"9,693,558,300",1.1%,"1,563,579",243,"30,494",한국,한국,(주)쇼박스
25,"나니아 연대기-사자,마녀 그리고 옷장",2005.12.29,"9,409,604,700",1.1%,"1,546,914",261,"23,325",미국,미국,브에나비스타인터내셔널코리아
26,거룩한 계보,2006.10.19,"8,759,204,600",1.0%,"1,433,696",372,"32,111",한국,한국,씨제이엔터테인먼트
27,악마는 프라다를 입는다,2006.10.25,"8,286,577,600",0.9%,"1,366,933",209,"31,230",미국,미국,이십세기폭스코리아(주)
28,해바라기,2006.11.23,"7,834,688,400",0.9%,"1,304,892",246,"31,829",한국,한국,(주)쇼박스
29,각설탕,2006.8.10,"7,631,785,700",0.9%,"1,265,508",228,"25,009",한국,한국,씨제이엔터테인먼트
30,킹콩,2005.12.14,"7,785,425,200",0.9%,"1,257,849",235,"17,343",미국,미국,UIP코리아
31,홀리데이,2006.1.19,"7,885,116,000",0.9%,"1,257,399",170,"22,092",한국,한국,롯데쇼핑㈜롯데엔터테인먼트
32,중천,2006.12.21,"7,481,599,100",0.8%,"1,246,836",402,"23,621",한국,"한국,중국",씨제이엔터테인먼트
33,싸움의 기술,2006.1.5,"7,319,136,000",0.8%,"1,144,825",216,"23,066",한국,한국,씨제이엔터테인먼트
34,몬스터 하우스,2006.8.10,"6,554,794,000",0.7%,"1,051,552",192,"17,501",미국,미국,소니픽쳐스릴리징코리아
35,짝패,2006.5.25,"6,585,332,300",0.7%,"1,021,631",210,"24,404",한국,한국,씨제이엔터테인먼트
36,로맨틱 홀리데이,2006.12.14,"6,377,839,500",0.7%,"1,017,603",249,"18,292",미국,미국,UIP코리아
37,아랑,2006.6.28,"5,726,173,700",0.6%,"951,834",181,"22,805",한국,한국,롯데쇼핑㈜롯데엔터테인먼트
38,빨간모자의 진실,2006.4.6,"5,506,266,100",0.6%,"915,672",164,"20,653",미국,미국,(주)쇼박스
39,데이지,2006.3.9,"5,754,065,300",0.6%,"911,420",299,"23,767",한국,"한국,네덜란드,홍콩",(주)쇼박스
40,오만과 편견,2006.3.24,"5,516,608,900",0.6%,"882,967",157,"20,327",미국,미국,UIP코리아
41,게이샤의 추억,2006.2.2,"5,337,760,000",0.6%,"849,251",179,"14,464",미국,미국,소니픽쳐스릴리징코리아
42,헷지,2006.5.31,"5,043,700,100",0.6%,"837,588",276,"18,257",미국,미국,씨제이엔터테인먼트
43,야수,2006.1.12,"5,339,725,500",0.6%,"837,011",299,"19,254",한국,한국,(주)쇼박스
44,마음이...,2006.10.26,"4,639,479,300",0.5%,"817,893",239,"24,140",한국,한국,(주)쇼박스
45,007 카지노 로얄,2006.12.21,"4,991,296,000",0.6%,"811,405",334,"15,383",미국,미국,한국소니픽쳐스릴리징브에나비스타영화㈜
46,예의없는 것들,2006.8.24,"4,886,772,800",0.5%,"782,907",192,"17,807",한국,한국,롯데쇼핑㈜롯데엔터테인먼트
47,방과후 옥상,2006.3.16,"4,817,252,500",0.5%,"773,042",173,"20,063",한국,한국,(주)시네마서비스
48,일본침몰,2006.8.31,"4,672,989,200",0.5%,"773,025",211,"16,530",일본,일본,(주)시네마서비스
49,뮌헨,2006.2.10,"4,861,581,300",0.5%,"763,078",164,"13,142",미국,미국,씨제이엔터테인먼트
50,무극,2006.1.26,"4,308,635,500",0.5%,"685,561",190,"15,084",중국,중국,쇼이스트(주)
51,싸이보그지만 괜찮아,2006.12.7,"3,972,165,300",0.4%,"674,222",289,"18,884",한국,한국,씨제이엔터테인먼트
52,Mr.로빈 꼬시기,2006.12.7,"3,953,478,200",0.4%,"670,540",301,"20,034",한국,한국,롯데쇼핑㈜롯데엔터테인먼트
53,데스노트,2006.11.2,"3,703,565,500",0.4%,"646,602",177,"16,934",일본,일본,UIP코리아
54,여교수의 은밀한 매력,2006.3.16,"3,926,917,300",0.4%,"606,398",203,"16,021",한국,한국,(주)엠케이픽처스
55,가을로,2006.10.26,"3,653,445,400",0.4%,"601,733",255,"18,905",한국,한국,롯데쇼핑㈜롯데엔터테인먼트
56,작업의 정석,2005.12.21,"3,822,698,100",0.4%,"595,700",203,"12,969",한국,한국,(주)쇼박스
57,천하장사 마돈나,2006.8.31,"3,552,058,700",0.4%,"575,315",172,"16,269",한국,한국,씨제이엔터테인먼트
58,카,2006.7.20,"3,283,728,000",0.4%,"573,577",211,"13,088",미국,미국,브에나비스타인터내셔널코리아
59,조폭마누라3,2006.12.28,"3,391,163,500",0.4%,"568,506",372,"8,644",한국,"한국,홍콩",(주)쇼박스
60,원피스 - 기계태엽성의 메카거병,2006.10.26,"3,347,587,500",0.4%,"568,322",126,"13,541",일본,일본,(주)엠케이픽처스
61,"연애, 그 참을 수 없는 가벼움",2006.9.7,"3,611,679,500",0.4%,"565,843",203,"15,706",한국,한국,씨제이엔터테인먼트
62,백만장자의 첫사랑,2006.2.9,"3,375,971,500",0.4%,"563,023",208,"15,040",한국,한국,롯데쇼핑㈜롯데엔터테인먼트
63,신데렐라,2006.8.17,"3,334,168,500",0.4%,"555,582",181,"14,364",한국,한국,(주)쇼박스
64,디파티드,2006.11.23,"3,416,653,400",0.4%,"552,968",210,"15,316",미국,미국,워너브러더스 코리아(주)
65,언더월드2 - 에볼루션,2006.2.23,"3,533,524,500",0.4%,"552,194",146,"15,213",미국,미국,(주)쇼박스
66,스승의 은혜,2006.8.3,"3,474,239,000",0.4%,"550,215",156,"12,244",한국,한국,쇼이스트(주)
67,아파트,2006.7.6,"3,460,497,800",0.4%,"540,539",204,"17,115",한국,한국,(주)쇼박스
68,올드미스다이어리,2006.12.21,"3,030,707,500",0.3%,"515,842",179,"10,130",한국,한국,롯데쇼핑㈜롯데엔터테인먼트
69,치킨리틀,2006.1.26,"2,979,885,000",0.3%,"501,914",183,"12,124",미국,미국,브에나비스타인터내셔널코리아
70,애정결핍이 두 남자에게 미치는 영향,2006.11.16,"2,928,135,400",0.3%,"499,612",247,"18,626",한국,한국,롯데쇼핑㈜롯데엔터테인먼트
71,뻔뻔한 딕&제인,2006.3.30,"3,031,937,700",0.3%,"483,033",149,"15,099",미국,미국,소니픽쳐스릴리징코리아
72,다세포소녀,2006.8.10,"2,862,468,600",0.3%,"476,724",199,"12,552",한국,한국,롯데쇼핑㈜롯데엔터테인먼트
73,판의 미로 - 오필리아와 세 개의 열쇠,2006.11.30,"2,783,458,500",0.3%,"471,298",175,"13,189",스페인,"스페인,멕시코",(주)프라임엔터테인먼트
74,사랑을 놓치다,2006.1.26,"2,961,381,000",0.3%,"468,184",146,"10,662",한국,한국,(주)시네마서비스
75,열혈남아,2006.11.9,"2,834,514,800",0.3%,"466,046",218,"16,390",한국,한국,씨제이엔터테인먼트
76,호로비츠를 위하여,2006.5.25,"2,813,074,600",0.3%,"462,623",206,"13,560",한국,한국,(주)쇼박스
77,프레스티지,2006.11.2,"2,861,257,500",0.3%,"458,956",119,"10,376",미국,"미국,영국",워너브러더스 코리아(주)
78,해피 피트,2006.12.21,"2,744,952,500",0.3%,"456,644",207,"8,611",미국,"미국,호주",워너브러더스 코리아(주)
79,브이 포 벤데타,2006.3.16,"2,809,650,200",0.3%,"436,255",130,"10,799",미국,미국,워너브러더스 코리아(주)
80,태풍,2005.12.14,"2,837,117,700",0.3%,"436,064",211,"10,477",한국,한국,씨제이엔터테인먼트
81,플라이 대디,2006.8.3,"2,560,456,300",0.3%,"431,231",220,"12,531",한국,한국,"(주)시네마서비스,씨제이엔터테인먼트"
82,사랑 따윈 필요 없어,2006.11.9,"2,564,487,300",0.3%,"425,358",274,"15,178",한국,한국,(주)쇼박스
83,마이애미 바이스,2006.8.17,"2,711,759,500",0.3%,"420,706",211,"11,291",미국,미국,UIP코리아
84,원탁의 천사,2006.8.24,"2,355,829,200",0.3%,"401,662",179,"12,742",한국,한국,(주)쇼박스
85,아이스케키,2006.8.24,"2,246,093,000",0.3%,"392,808",189,"13,162",한국,한국,(주)엠케이픽처스
86,쏘우 2,2006.2.16,"2,476,201,400",0.3%,"388,105",113,"10,319",미국,미국,㈜미로비젼
87,쏘우 3,2006.11.30,"2,406,433,500",0.3%,"386,547",180,"13,064",미국,미국,롯데쇼핑㈜롯데엔터테인먼트
88,야연,2006.9.21,"2,365,238,200",0.3%,"377,110",187,"11,656",중국,중국,롯데쇼핑㈜롯데엔터테인먼트
89,로망스,2006.3.16,"2,376,146,100",0.3%,"371,700",173,"13,304",한국,한국,씨제이엔터테인먼트
90,도마뱀,2006.4.27,"2,307,824,200",0.3%,"364,848",253,"13,919",한국,한국,(주)시네마서비스
91,스텝 업,2006.11.23,"2,133,857,500",0.2%,"363,402",147,"11,936",미국,미국,㈜스튜디오이쩜영
92,럭키 넘버 슬레븐,2006.6.22,"2,238,839,400",0.3%,"360,516",120,"9,578",미국,미국,롯데쇼핑㈜롯데엔터테인먼트
93,파이널 데스티네이션,2006.5.11,"2,299,753,200",0.3%,"359,517",131,"10,677",미국,미국,㈜미로비젼
94,모노폴리,2006.6.1,"2,195,709,100",0.2%,"358,299",136,"11,297",한국,한국,롯데쇼핑㈜롯데엔터테인먼트
95,누가 그녀와 잤을까?,2006.11.16,"2,068,632,100",0.2%,"353,360",212,"14,953",한국,한국,씨제이엔터테인먼트
96,BB프로젝트,2006.9.28,"2,073,130,500",0.2%,"349,173",136,"12,364",홍콩,홍콩,브에나비스타인터내셔널코리아
97,잔혹한 출근,2006.11.2,"2,076,522,300",0.2%,"348,508",240,"13,124",한국,한국,씨제이엔터테인먼트
98,뚝방전설,2006.9.7,"2,132,943,200",0.2%,"338,737",180,"13,465",한국,한국,(주)쇼박스
99,환생,2006.6.8,"1,957,831,400",0.2%,"321,769",95,"8,468",일본,일본,(주)쇼박스
100,강적,2006.6.22,"1,956,841,000",0.2%,"318,142",235,"12,049",한국,한국,(주)쇼박스
101,원초적 본능 2,2006.3.30,"1,999,601,100",0.2%,"313,300",185,"12,151",미국,미국,(주)시네마서비스
102,무인 곽원갑,2006.3.23,"1,926,775,700",0.2%,"308,428",162,"12,343",중국,중국,쇼이스트(주)
103,플러쉬,2006.11.23,"1,681,230,800",0.2%,"306,225",188,"10,108",미국,"미국,영국",씨제이엔터테인먼트
104,월드 트레이드 센터,2006.10.15,"1,806,296,500",0.2%,"302,030",162,"8,905",미국,미국,UIP코리아
105,인사이드 맨,2006.4.21,"1,882,493,500",0.2%,"295,895",122,"7,609",미국,미국,UIP코리아
106,오멘,2006.6.6,"1,857,061,800",0.2%,"292,333",111,"8,527",미국,미국,이십세기폭스코리아(주)
107,그해 여름,2006.11.30,"1,744,090,200",0.2%,"290,564",283,"13,164",한국,한국,(주)쇼박스
108,유실물,2006.7.27,"1,732,887,500",0.2%,"284,426",114,"7,917",일본,일본,씨제이엔터테인먼트
109,식스틴블럭,2006.4.20,"1,776,130,000",0.2%,"280,753",128,"8,904",미국,미국,롯데쇼핑㈜롯데엔터테인먼트
110,드리머,2006.4.13,"1,706,200,100",0.2%,"276,760",188,"10,797",미국,미국,쇼이스트(주)
111,청연,2005.12.29,"1,745,406,400",0.2%,"272,383",154,"6,066",한국,한국,코리아픽쳐스(주)
112,웨딩 크래셔,2006.3.1,"1,678,859,200",0.2%,"265,472",133,"10,035",미국,미국,롯데쇼핑㈜롯데엔터테인먼트
113,착신아리 파이널,2006.6.22,"1,614,661,900",0.2%,"261,133",142,"9,266",일본,"일본,한국",씨제이엔터테인먼트
114,겁나는 여친의 완벽한 비밀,2006.8.17,"1,592,536,000",0.2%,"251,788",101,"6,881",미국,미국,이십세기폭스코리아(주)
115,아이스 에이지 2,2006.4.20,"1,564,015,900",0.2%,"250,536",162,"9,024",미국,미국,이십세기폭스코리아(주)
116,가부와 메이 이야기,2006.2.9,"1,435,503,000",0.2%,"249,924",84,"6,295",일본,일본,"(주)엠케이픽처스 ,에이원엔터테인먼트"
117,잘 살아보세,2006.9.28,"1,415,274,100",0.2%,"236,799",197,"12,595",한국,한국,
118,저스트 프렌드,2006.12.7,"1,442,038,000",0.2%,"236,382",138,"9,312",미국,미국,㈜스튜디오이쩜영
119,"생, 날선생",2006.5.25,"1,438,331,800",0.2%,"234,261",157,"8,096",한국,한국,(주)시네마서비스
120,앤트 불리,2006.9.28,"1,450,969,500",0.2%,"230,712",95,"5,773",미국,미국,워너브러더스 코리아(주)
121,"두뇌유희프로젝트, 퍼즐",2006.9.14,"1,450,490,000",0.2%,"228,385",181,"10,574",한국,한국,(주)시네마서비스
122,파이스토리,2006.7.6,"1,306,741,500",0.1%,"228,118",112,"5,676",한국,"한국,미국",씨제이엔터테인먼트
123,국경의 남쪽,2006.5.4,"1,431,751,800",0.2%,"227,304",228,"12,643",한국,한국,씨제이엔터테인먼트
124,13구역,2006.8.24,"1,416,115,000",0.2%,"222,568",72,"6,324",프랑스,프랑스,(주)프라임엔터테인먼트
125,"사랑하니까, 괜찮아",2006.8.17,"1,296,756,200",0.1%,"219,824",155,"8,194",한국,한국,(주)시네마서비스
126,내니맥피-우리 유모는 마법사,2006.2.3,"1,295,880,000",0.1%,"216,138",80,"5,297",영국,영국,UIP코리아
127,게드전기 : 어스시의 전설,2006.8.10,"1,228,276,500",0.1%,"205,490",143,"6,164",일본,일본,(주)쇼박스
128,브로크백 마운틴,2006.3.1,"1,328,322,900",0.1%,"204,275",45,"4,849",미국,미국,씨제이엔터테인먼트
129,사랑할 때 이야기하는 것들,2006.11.30,"1,251,587,700",0.1%,"200,836",195,"10,418",한국,한국,(주)시네마서비스
130,가족의 탄생,2006.5.18,"1,222,259,500",0.1%,"200,595",149,"7,890",한국,한국,롯데쇼핑㈜롯데엔터테인먼트
131,어느 멋진 순간,2006.11.16,"1,206,230,500",0.1%,"193,013",130,"7,649",미국,미국,이십세기폭스코리아(주)
132,앙코르,2006.3.9,"1,191,720,100",0.1%,"186,143",108,"6,258",미국,미국,이십세기폭스코리아(주)
133,가필드 2,2006.7.27,"1,045,727,100",0.1%,"185,231",97,"5,015",미국,미국,이십세기폭스코리아(주)
134,패스트 앤 퓨리어스 도쿄 드리프트,2006.7.20,"1,104,122,500",0.1%,"179,396",131,"6,815",미국,미국,UIP코리아
135,사일런트 힐,2006.11.9,"1,033,560,500",0.1%,"163,978",139,"6,116",미국,"미국,일본,프랑스,캐나다",㈜미로비젼
136,조용한 세상,2006.12.14,"937,877,400",0.1%,"161,142",172,"7,351",한국,한국,(주)프라임엔터테인먼트
137,공필두,2006.5.11,"958,576,600",0.1%,"160,208",164,"8,269",한국,한국,(주)쇼박스
138,해변의 여인,2006.8.31,"1,009,387,200",0.1%,"159,571",141,"6,989",한국,한국,㈜미로비젼
139,엑소시즘 오브 에밀리 로즈,2006.4.13,"982,131,300",0.1%,"158,667",113,"6,368",미국,미국,소니픽쳐스릴리징코리아
140,손님은 왕이다,2006.2.23,"975,730,600",0.1%,"152,791",147,"7,447",한국,한국,(주)시네마서비스
141,투 브라더스,2006.1.20,"874,112,000",0.1%,"144,571",95,"4,235",프랑스,"프랑스,영국",씨제이엔터테인먼트
142,가디언,2006.11.2,"882,188,000",0.1%,"143,126",102,"4,998",미국,미국,브에나비스타인터내셔널코리아
143,구타유발자들,2006.5.31,"934,380,300",0.1%,"143,061",123,"5,497",한국,한국,(주)프라임엔터테인먼트
144,크래쉬,2006.4.6,"906,159,500",0.1%,"142,639",84,"5,164",미국,미국,(주)스튜디오이쩜영
145,구미호 가족,2006.9.28,"877,984,800",0.1%,"141,610",140,"8,104",한국,한국,(주)엠케이픽처스
146,파이어월,2006.2.17,"890,321,000",0.1%,"139,423",110,"5,879",미국,미국,워너브러더스 코리아(주)
147,그루지 2,2006.11.16,"781,766,000",0.1%,"137,352",142,"7,213",미국,미국,(주)프라임엔터테인먼트
148,레이크 하우스,2006.8.31,"850,334,000",0.1%,"133,961",137,"7,180",미국,미국,워너브러더스 코리아(주)
149,포켓몬 레인저와 바다의 왕자 마나피,2006.7.20,"733,628,000",0.1%,"133,578",107,"4,767",일본,일본,"(주)이수C&E,(주)쇼박스"
150,DOA,2006.10.19,"786,441,700",0.1%,"129,753",158,"8,042",독일,"독일,영국",(주)시네마서비스
151,해리포터와 불의 잔,2005.12.1,"834,042,900",0.1%,"129,310",102,"2,792",미국,미국,워너브러더스 코리아(주)
152,매치 포인트,2006.4.13,"845,348,600",0.1%,"127,743",68,"4,019",영국,"영국,미국",씨제이엔터테인먼트
153,센티넬,2006.9.7,"806,982,500",0.1%,"127,722",91,"5,468",미국,미국,이십세기폭스코리아(주)
154,에디슨 시티,2006.4.6,"788,697,000",0.1%,"127,638",81,"5,733",미국,미국,롯데쇼핑㈜롯데엔터테인먼트
155,연리지,2006.4.13,"696,954,300",0.1%,"114,641",165,"8,009",한국,한국,(주)쇼박스
156,레이디 인 더 워터,2006.10.13,"675,177,000",0.1%,"110,267",74,"4,435",미국,미국,워너브러더스 코리아(주)
157,마이 캡틴 김대출,2006.4.20,"663,144,000",0.1%,"107,904",165,"6,327",한국,한국,(주)스튜디오이쩜영
158,2006 [통합]영화제/기획전/회고전 등,,"565,972,200",0.1%,"103,539",15,"2,245",,,
159,아치와 씨팍,2006.6.28,"640,343,800",0.1%,"100,088",121,"5,898",한국,한국,㈜스튜디오이쩜영
160,울트라바이올렛,2006.7.20,"578,938,700",0.1%,"93,095",86,"3,857",미국,미국,㈜스튜디오이쩜영
161,메종 드 히미코,2006.1.26,"578,223,500",0.1%,"87,693",8,"1,383",일본,일본,스폰지
162,카리스마 탈출기,2006.3.30,"532,419,300",0.1%,"86,027",141,"6,003",한국,한국,씨제이엔터테인먼트
163,퍼햅스 러브,2006.1.5,"529,429,500",0.1%,"83,231",104,"3,973",홍콩,홍콩,쇼이스트(주)
164,시리아나,2006.3.30,"524,490,200",0.1%,"82,488",90,"4,112",미국,미국,워너브러더스 코리아(주)
165,개구리중사 케로로,2006.5.4,"449,656,500",0.1%,"78,679",37,"2,095",일본,일본,롯데쇼핑㈜롯데엔터테인먼트
166,뎀,2006.4.20,"479,138,000",0.1%,"77,145",71,"3,474",프랑스,프랑스,(주)누리픽쳐스
167,나나,2006.3.30,"438,060,500",0.0%,"71,312",87,"3,570",일본,일본,(주)엠케이픽처스
168,폴라 익스프레스,2004.12.23,"901,774,000",0.1%,"70,273",2,538,미국,미국,워너브러더스 코리아(주)
169,플라이트93,2006.9.8,"414,868,500",0.0%,"66,717",60,"3,412",미국,미국,UIP코리아
170,달콤한 백수와 사랑만들기,2006.4.7,"418,436,500",0.0%,"63,860",95,"4,370",미국,미국,UIP코리아
171,이온 플럭스,2006.6.22,"389,991,900",0.0%,"61,817",85,"3,448",미국,미국,UIP코리아
172,얼음왕국 : 북극의 여름이야기(다큐),2006.7.13,"356,013,000",0.0%,"60,347",99,"2,684",프랑스,"프랑스,캐나다",(주)프라임엔터테인먼트
173,무도리,2006.9.21,"363,899,000",0.0%,"59,806",127,"5,059",한국,한국,씨제이엔터테인먼트
174,"키리쿠, 키리쿠",2006.5.4,"296,929,700",0.0%,"57,325",35,"1,264",프랑스,프랑스,(주)동숭아트센터
175,2월 29일 - 어느날 갑자기 첫번째 이야기,2006.7.21,"354,839,000",0.0%,"56,958",20,962,한국,한국,씨제이엔터테인먼트
176,네티비티 스토리-위대한 탄생,2006.12.21,"346,546,200",0.0%,"56,847",126,"2,779",미국,미국,(주)시네마서비스
177,스윙걸즈,2006.3.23,"345,465,500",0.0%,"55,644",71,"2,668",일본,일본,데이지엔터테인먼트
178,팀 버튼의 크리스마스 악몽,1995.1.14,"472,436,000",0.1%,"53,541",26,"1,844",미국,미국,한국소니픽쳐스릴리징브에나비스타영화㈜
179,자투라:스페이스 어드벤쳐,2006.2.23,"277,369,000",0.0%,"50,217",15,"1,364",미국,미국,소니픽쳐스릴리징코리아
180,하프 라이트,2006.6.28,"311,997,500",0.0%,"50,174",77,"3,147",미국,미국,㈜미로비젼
181,러닝 스케어드,2006.6.8,"305,452,000",0.0%,"47,988",100,"3,059",미국,미국,㈜스튜디오이쩜영
182,밴디다스,2006.6.22,"282,118,100",0.0%,"45,790",95,"2,845",프랑스,프랑스,(주)누리픽쳐스
183,유레루,2006.8.10,"286,514,300",0.0%,"44,516",7,"1,278",일본,일본,프리비젼엔터테인먼트
184,당신이 그녀라면,2006.1.12,"278,353,000",0.0%,"43,841",54,"1,693",미국,미국,이십세기폭스코리아(주)
185,와일드,2006.4.20,"244,378,900",0.0%,"41,882",105,"2,931",미국,미국,브에나비스타인터내셔널코리아
186,무지개 여신,2006.11.30,"253,644,000",0.0%,"40,958",47,"2,012",일본,일본,(주)동아수출공사
187,후회하지 않아,2006.11.16,"245,974,600",0.0%,"39,025",8,869,한국,한국,씨제이엔터테인먼트
188,크립,2006.6.15,"247,362,800",0.0%,"38,899",61,"2,617",영국,"영국,독일",(주)엠케이픽처스
189,썬데이 서울,2006.2.9,"227,157,000",0.0%,"36,865",84,"2,748",한국,한국,(주)시네마서비스
190,네번째 층 - 어느날 갑자기 두번째 이야기,2006.7.27,"196,646,000",0.0%,"31,738",17,657,한국,한국,씨제이엔터테인먼트
191,행운을 돌려줘!,2006.5.25,"194,735,800",0.0%,"31,213",74,"1,738",미국,미국,이십세기폭스필름코퍼레이션
192,카사노바,2006.3.10,"196,850,800",0.0%,"29,815",19,"1,158",미국,미국,브에나비스타인터내셔널코리아
193,스위트 룸,2006.4.6,"184,151,500",0.0%,"28,822",62,"2,055",캐나다,"캐나다,영국,미국",㈜미로비젼
194,시간,2006.8.24,"182,139,100",0.0%,"27,923",12,"1,140",한국,한국,스폰지
195,핑크 팬더,2006.4.13,"166,601,100",0.0%,"27,354",84,"2,840",미국,미국,이십세기폭스코리아(주)
196,안소니 짐머,2006.5.11,"172,876,400",0.0%,"27,323",57,"2,300",프랑스,프랑스,씨제이엔터테인먼트
197,전차남,2006.9.7,"167,086,000",0.0%,"27,039",86,"2,578",일본,일본,(주)엠케이픽처스
198,귀향,2006.9.21,"176,741,500",0.0%,"25,942",8,755,스페인,스페인,(주)스폰지이엔티
199,콘스탄트 가드너,2006.5.4,"168,262,700",0.0%,"25,792",28,996,영국,영국,스폰지
200,폭력써클,2006.10.19,"158,054,900",0.0%,"24,674",108,"3,305",한국,한국,(주)쇼박스
201,비상,2006.12.14,"119,542,000",0.0%,"21,375",12,545,한국,한국,(주)이모션픽처스
202,사이에서,2006.9.7,"109,238,600",0.0%,"21,016",7,760,한국,한국,"필름메신저,씨제이 씨지브이(CJ CGV)(주)"
203,수면의 과학,2006.12.21,"149,540,000",0.0%,"20,796",7,236,프랑스,프랑스,(주)스폰지이엔티
204,D-day-어느날 갑자기 세번째 이야기,2006.8.3,"120,192,500",0.0%,"19,812",14,484,한국,한국,씨제이엔터테인먼트
205,2005 [통합]패키지영화,,"119,137,500",0.0%,"18,545",7,296,기타,기타,
206,2006 [통합]패키지영화,,"169,180,000",0.0%,"17,729",14,248,기타,기타,
207,클림트,2006.6.29,"116,782,000",0.0%,"17,481",9,588,독일,"독일,영국,프랑스, 오스트리아",(주)스폰지이엔티
208,에이트 빌로우,2006.4.6,"106,692,500",0.0%,"17,232",29,"1,095",미국,미국,브에나비스타인터내셔널코리아
209,내 남자의 유통기한,2006.6.29,"108,237,600",0.0%,"15,725",2,287,독일,독일,㈜세종커뮤니케이션스
210,삼거리극장,2006.11.23,"94,279,400",0.0%,"15,394",57,"1,499",한국,한국,"씨제이엔터테인먼트,(주)시네마서비스"
211,알리바이,2006.1.12,"89,590,000",0.0%,"14,327",40,922,미국,미국,미디어라인코리아
212,일본 인디필름 페스티벌,,"80,707,000",0.0%,"13,464",2,224,일본,일본,
213,오래된 정원,2007.1.4,"56,142,000",0.0%,"13,400",12,66,한국,한국,롯데쇼핑㈜롯데엔터테인먼트
214,내 청춘에게 고함,2006.7.13,"81,684,000",0.0%,"12,640",8,620,한국,"한국,일본",(주)이모션픽처스
215,타임 투 리브,2006.2.9,"84,884,500",0.0%,"12,481",6,421,프랑스,프랑스,스폰지
216,노스 컨츄리,2006.4.27,"79,418,600",0.0%,"12,213",35,"1,133",미국,미국,워너브러더스 코리아(주)
217,열두명의 웬수들2,2006.1.26,"70,268,000",0.0%,"11,957",45,896,미국,미국,이십세기폭스코리아(주)
218,내 곁에 있어줘,2006.4.27,"80,212,500",0.0%,"11,954",5,445,싱가포르,싱가포르,씨제이엔터테인먼트
219,미스 리틀 선샤인,2006.12.21,"74,311,000",0.0%,"11,409",7,323,미국,미국,이십세기폭스코리아(주)
220,보리밭을 흔드는 바람,2006.11.2,"76,142,400",0.0%,"11,262",3,271,영국,"영국,독일,아일랜드,이탈리아",(주)동숭아트센터
221,사이렌,2006.7.20,"69,179,500",0.0%,"11,198",16,465,일본,일본,(주)아미가스필름
222,굿나잇 앤 굿럭,2006.3.16,"72,709,600",0.0%,"11,125",14,715,미국,미국,(주)유레카픽쳐스
223,박치기!,2006.2.14,"68,373,100",0.0%,"10,899",3,485,일본,일본,프리비젼엔터테인먼트
224,호텔 르완다,2006.9.7,"68,845,400",0.0%,"10,705",9,418,영국,"영국,이탈리아,남아프리카공화국",(주)동숭아트센터
225,이니셜 D,2006.3.1,"63,415,500",0.0%,"10,166",61,"1,574",홍콩,홍콩,미디어라인코리아
226,사랑도 흥정이 되나요?,2006.7.27,"66,053,500",0.0%,"10,070",30,874,프랑스,"프랑스,이탈리아",(주)엠케이픽처스
227,라스트 키스,2006.7.6,"69,123,000",0.0%,"10,058",1,191,이탈리아,이탈리아,㈜영화사 백두대간
228,미 앤 유 앤 에브리원,2006.1.27,"62,637,200",0.0%,"9,341",2,247,미국,"미국,영국",(주)동숭아트센터
229,2005 [통합]영화제/기획전/회고전 등,,"49,306,500",0.0%,"9,169",3,210,,,
230,린다 린다 린다,2006.4.13,"50,865,000",0.0%,"8,498",3,483,일본,일본,프리비젼엔터테인먼트
231,시티즌 독,2006.3.9,"54,341,500",0.0%,"8,364",7,470,태국,태국,씨제이엔터테인먼트
232,댈러웨이 부인,2006.9.28,"51,015,500",0.0%,"7,393",1,141,영국,영국,㈜영화사 백두대간
233,돈많은 친구들,2006.7.28,"49,763,000",0.0%,"7,253",1,106,미국,미국,소니픽쳐스릴리징코리아
234,나 없는 내 인생,2006.10.12,"48,752,500",0.0%,"7,078",1,110,스페인,"스페인,캐나다",데이지엔터테인먼트
235,카포티,2006.5.25,"44,928,500",0.0%,"6,920",4,279,미국,미국,소니픽쳐스릴리징코리아
236,친밀한 타인들,2006.5.25,"46,601,200",0.0%,"6,778",1,134,프랑스,프랑스,(주)유레카픽쳐스
237,커피와 담배,2006.7.27,"45,806,500",0.0%,"6,766",2,180,미국,미국,(주)스폰지이엔티
238,다섯 개의 시선,2006.1.13,"43,699,000",0.0%,"6,593",15,457,한국,한국,씨제이엔터테인먼트
239,마법사들,2006.3.30,"38,682,500",0.0%,"6,456",8,437,한국,한국,(주)드림컴스
240,SICAF2006 서울국제만화애니페스티벌(0524-0528),2006.5.24,"32,118,000",0.0%,"6,280",3,107,,,
241,공룡 티렉스,2006.4.13,"41,153,000",0.0%,"6,207",1,159,캐나다,캐나다,씨제이 씨지브이(CJ CGV)(주)
242,라스트 데이즈,2006.4.27,"41,167,500",0.0%,"6,001",2,167,미국,미국,(주)스폰지이엔티
243,브로큰 플라워,2005.12.8,"40,700,500",0.0%,"5,932",3,225,미국,미국,스폰지
244,나스카 카레이싱3D,2006.3.30,"42,989,000",0.0%,"5,865",2,178,캐나다,캐나다,씨제이 씨지브이(CJ CGV)(주)
245,제5회 미장센단편영화제(2006),2006.6.29,"18,263,500",0.0%,"5,864",3,53,,,
246,빅 마마 하우스:근무중 이상무,2006.2.16,"33,059,500",0.0%,"5,751",18,396,미국,미국,이십세기폭스코리아(주)
247,금발의 초원,2006.9.28,"37,519,000",0.0%,"5,421",2,146,일본,일본,(주)스폰지이엔티
248,더 차일드,2006.1.27,"36,731,000",0.0%,"5,290",1,114,벨기에,벨기에,스폰지
249,우리개 이야기,2006.6.8,"34,889,500",0.0%,"5,181",14,292,일본,일본,(주)영화랑
250,그녀는 날 싫어해,2006.11.2,"31,908,500",0.0%,"4,983",11,473,미국,미국,프리비젼엔터테인먼트
251,빅 리버,2006.8.17,"32,191,500",0.0%,"4,963",1,149,일본,"일본,미국",(주)스폰지이엔티
252,대통령의 죽음,2006.12.28,"28,680,500",0.0%,"4,879",30,450,영국,영국,(주)프라임엔터테인먼트
253,오늘의 사건사고,2006.4.6,"31,734,500",0.0%,"4,718",2,144,일본,일본,(주)스폰지이엔티
254,"모두들, 괜찮아요?",2006.3.24,"30,810,500",0.0%,"4,699",27,580,한국,한국,씨제이엔터테인먼트
255,방문자,2006.11.15,"31,998,300",0.0%,"4,661",1,114,한국,한국,씨제이엔터테인먼트
256,로보트 태권V(76년 디지털 복원판),,"22,393,500",0.0%,"4,611",1,84,한국,한국,
257,보이지 않는 물결,2006.5.11,"29,047,000",0.0%,"4,516",5,323,태국,태국,씨제이엔터테인먼트
258,파랑주의보,2005.12.22,"26,829,500",0.0%,"4,475",35,335,한국,한국,아이러브시네마
259,세르쥬노박의 겨울여행,2006.11.30,"26,808,500",0.0%,"4,135",28,620,프랑스,"프랑스,이탈리아,스위스",㈜미로비젼
260,추억은 방울방울,,"26,043,500",0.0%,"4,006",1,116,일본,일본,
261,랑페르,2006.12.14,"27,635,000",0.0%,"3,985",1,71,프랑스,"프랑스,벨기에,일본,이탈리아",㈜영화사 백두대간
262,돈 컴 노킹,2006.2.23,"26,082,000",0.0%,"3,839",4,239,미국,미국,(주)스폰지이엔티
263,환생,2003.10.31,"26,387,500",0.0%,"3,813",1,86,일본,일본,시나브로엔터테인먼트(주)
264,세번째 시선,2006.11.23,"21,525,900",0.0%,"3,510",7,281,한국,한국,(주)영화사 진진
265,연애의 기술,2006.11.22,"23,750,500",0.0%,"3,421",1,94,스페인,스페인,㈜영화사 백두대간
266,비욘드 러브,2006.9.14,"23,151,000",0.0%,"3,360",1,42,인도,인도,㈜월드시네마
267,스위트 크리스마스,2006.12.21,"22,231,500",0.0%,"3,348",4,84,미국,미국,(주)영화사 진진
268,판타스틱 애니월드,2006.4.13,"22,137,500",0.0%,"3,334",1,96,캐나다,캐나다,씨제이 씨지브이(CJ CGV)(주)
269,죽음의 숲-어느날 갑자기 네번째 이야기,2006.8.17,"21,760,000",0.0%,"3,241",6,214,한국,한국,씨제이엔터테인먼트
270,5x2,2006.5.26,"21,501,500",0.0%,"3,155",2,166,프랑스,프랑스,(주)스폰지이엔티
271,불편한 진실,2006.9.14,"19,043,500",0.0%,"3,070",8,195,미국,미국,UIP코리아
272,피터팬의 공식,2006.4.13,"18,992,000",0.0%,"3,046",10,379,한국,한국,씨제이엔터테인먼트
273,빅 화이트,2005.12.29,"19,935,000",0.0%,"3,038",33,294,미국,미국,씨제이엔터테인먼트
274,스테이션 에이전트,2006.1.27,"19,705,400",0.0%,"2,989",1,111,미국,미국,(주)동숭아트센터
275,티켓,2006.6.23,"19,955,000",0.0%,"2,930",1,129,이탈리아,"이탈리아,영국,이란",(주)동숭아트센터
276,천상의 소녀,2006.2.2,"19,939,800",0.0%,"2,921",1,95,아프카니스탄,"아프카니스탄,아일랜드,일본",(주)영화랑
277,이웃집 야마다군,2006.6.8,"18,535,000",0.0%,"2,891",1,109,일본,일본,
278,반딧불이의 묘,2014.6.19,"17,810,000",0.0%,"2,860",1,95,일본,일본,에이원엔터테인먼트
279,박사가 사랑한 수식,2006.11.9,"19,440,500",0.0%,"2,845",1,77,일본,일본,(주)스폰지이엔티
280,언러브드,2006.5.24,"18,448,000",0.0%,"2,705",2,197,일본,일본,(주)이모션픽처스
281,망종,2006.3.24,"16,886,400",0.0%,"2,612",3,191,한국,"한국,중국",(주)동숭아트센터
282,헤드윅,2002.8.9,"18,129,000",0.0%,"2,598",2,33,미국,미국,㈜씨네월드
283,꿈꾸는 카메라,2006.4.21,"16,439,100",0.0%,"2,553",1,118,미국,미국,(주)동숭아트센터
284,서울독립영화제2006,2006.12.7,"9,705,000",0.0%,"2,526",2,74,한국,한국,
285,히든,2006.3.30,"17,255,000",0.0%,"2,505",2,109,프랑스,프랑스,(주)스폰지이엔티
286,워터스,2006.9.14,"15,930,500",0.0%,"2,494",7,210,일본,일본,프리비젼엔터테인먼트
287,나인 라이브즈,2006.8.24,"16,656,900",0.0%,"2,465",2,91,미국,미국,(주)동숭아트센터
288,"조제, 호랑이 그리고 물고기들",2004.10.29,"16,272,000",0.0%,"2,426",1,52,일본,일본,"(주)프레인글로벌,(주)스폰지이엔티"
289,CGV 한국단편 애니메이션영화제2006[4.20-4.23],2006.4.22,"7,261,500",0.0%,"2,409",4,64,한국,한국,
290,러브러브 프라하,2006.11.2,"15,623,900",0.0%,"2,302",2,88,체코,체코,㈜세종커뮤니케이션스
291,룸 투 렌트,2006.5.11,"15,692,500",0.0%,"2,242",2,73,프랑스,"프랑스,영국",㈜영화사 백두대간
292,녹차의 맛,2006.11.23,"15,356,500",0.0%,"2,227",1,51,일본,일본,(주)스폰지이엔티
293,데브라 윙거를 찾아서,2006.4.21,"14,071,000",0.0%,"2,138",1,114,미국,미국,(주)동숭아트센터
294,[팡테옹 뒤 시네마 프랑세]영화제(2006),2006.8.31,"14,792,500",0.0%,"2,115",1,22,프랑스,프랑스,
295,비욘드 더 씨,2006.11.9,"12,009,900",0.0%,"2,042",19,299,미국,"미국,영국,독일",(주)아미가스필름
296,무서운 영화 4,2006.9.14,"12,424,000",0.0%,"2,006",6,154,미국,미국,브에나비스타인터내셔널코리아
297,디어 평양,2006.11.23,"12,517,500",0.0%,"1,929",2,187,일본,일본,㈜씨네콰논코리아
298,노이 알비노이,2006.9.29,"12,957,000",0.0%,"1,882",2,122,아이슬란드,"아이슬란드,영국,독일",(주)영화랑
299,세계,2006.10.20,"12,810,000",0.0%,"1,873",2,149,중국,"중국,일본,프랑스",(주)이모션픽처스
300,아주 특별한 손님,2006.11.30,"11,808,500",0.0%,"1,783",6,231,한국,한국,스폰지
301,제3회 롯데시네마 삼색아트필름전[2006.11.27-12.06],2006.11.27,"7,816,000",0.0%,"1,775",3,110,한국,한국,
302,갱스터 초치,2006.6.15,"8,710,500",0.0%,"1,766",3,28,영국,"영국,남아프리카공화국",
303,부그와 엘리엇(애니),2007.1.4,"12,170,000",0.0%,"1,718",7,7,미국,미국,한국소니픽쳐스릴리징브에나비스타영화㈜
304,허브,2007.1.11,"8,460,000",0.0%,"1,710",2,5,한국,한국,(주)쇼박스
305,프레리 홈 컴패니언,2006.10.19,"11,661,000",0.0%,"1,701",2,79,미국,미국,(주)스폰지이엔티
306,남자들이 모르는 은밀한 것들,2006.2.17,"11,002,000",0.0%,"1,661",2,182,프랑스,프랑스,프리비젼엔터테인먼트
306,글래스톤베리,2006.9.14,"11,495,500",0.0%,"1,661",1,45,영국,영국,(주)스폰지이엔티
308,호박전,2006.6.22,"4,383,000",0.0%,"1,651",1,90,한국,한국,서울애니메이션센터
309,천국을 향하여,2006.4.13,"11,338,500",0.0%,"1,643",1,75,프랑스,"프랑스,독일,네덜란드,이스라엘",(주)유레카픽쳐스
310,리턴,2006.9.1,"10,903,400",0.0%,"1,639",2,116,러시아,러시아,위드시네마
311,눈부신 하루,2006.2.23,"10,855,000",0.0%,"1,630",3,120,한국,한국,"영화진흥위원회,아트플러스시네마네트워크"
312,천리주단기,2006.7.20,"11,042,000",0.0%,"1,613",1,48,중국,"중국,일본",소니픽쳐스릴리징코리아
313,사랑의 찬가,2006.9.7,"11,123,500",0.0%,"1,600",1,41,프랑스,프랑스,(주)유레카픽쳐스
314,좋아해,2006.11.16,"10,771,000",0.0%,"1,561",1,43,일본,일본,(주)스폰지이엔티
315,8월의 일요일들,2006.9.29,"8,928,500",0.0%,"1,532",3,129,한국,한국,㈜인디스토리
316,2006CJ중국영화제,2006.9.1,"4,692,000",0.0%,"1,514",3,32,,,
317,카페 뤼미에르,2005.10.20,"7,401,800",0.0%,"1,486",1,38,일본,일본,(주)동숭아트센터
318,길,2006.11.2,"9,372,500",0.0%,"1,439",2,103,한국,한국,스폰지
319,월래스와 그로밋 : 거대토끼의 저주,2005.11.4,"3,923,000",0.0%,"1,375",1,51,영국,영국,씨제이엔터테인먼트
320,나그네와 마술사,2006.4.28,"9,021,000",0.0%,"1,368",2,130,부탄,"부탄,호주",판씨네마(주)
321,묵공,2007.1.10,"9,268,000",0.0%,"1,324",3,6,중국,"중국,한국,일본,홍콩",씨제이엔터테인먼트
322,신성일의 행방불명,2006.2.16,"7,500,000",0.0%,"1,309",2,93,한국,한국,스폰지
323,갇힌 여인,2005.12.23,"8,330,000",0.0%,"1,266",1,172,프랑스,"프랑스,벨기에",(주)이모션픽처스
324,흔들리는 구름,2006.3.31,"8,415,900",0.0%,"1,257",2,130,대만,"대만,프랑스",(주)유레카픽쳐스
325,내 미국 삼촌,2005.12.23,"8,721,500",0.0%,"1,251",1,42,프랑스,프랑스,㈜영화사 백두대간
326,폼포코 너구리 대작전,2005.4.28,"6,552,500",0.0%,"1,228",2,47,일본,일본,대원씨앤에이홀딩스
327,아워 뮤직,2006.9.7,"8,474,500",0.0%,"1,227",1,41,프랑스,프랑스,(주)유레카픽쳐스
328,고래와 창녀,2006.7.13,"5,065,000",0.0%,"1,205",1,128,아르헨티나,"아르헨티나,스페인",프리비젼엔터테인먼트
329,란도리,2006.12.14,"7,813,500",0.0%,"1,173",2,54,일본,일본,(주)영화랑
330,쇼핑걸,2006.4.28,"7,753,000",0.0%,"1,125",1,63,미국,미국,이십세기폭스코리아(주)
331,다섯번째 계절,2006.2.9,"7,436,000",0.0%,"1,082",3,59,미국,미국,이십세기폭스코리아(주)
332,이터널 선샤인,2005.11.10,"4,991,000",0.0%,"1,042",1,9,미국,미국,"(주)노바미디어,코리아픽쳐스(주)"
333,형사; Duelist,2005.9.8,"5,118,000",0.0%,"1,040",1,19,한국,한국,코리아픽쳐스(주)
334,할로우맨 2,2006.11.17,"7,000,000",0.0%,"1,000",1,8,미국,미국,소니픽쳐스릴리징코리아
334,트랜스아메리카,2006.11.16,"6,525,100",0.0%,"1,000",2,102,미국,미국,인터비스앤파트너스(주)
336,올리버 트위스트,2005.12.29,"6,583,000",0.0%,984,2,109,체코,체코,(주)시네마서비스
337,소피 숄의 마지막 날들,2006.6.22,"6,793,500",0.0%,980,1,36,독일,독일,(주)스폰지이엔티
338,리바운드,2006.3.31,"6,538,000",0.0%,934,1,7,미국,미국,이십세기폭스코리아(주)
339,록키 호러 픽쳐 쇼,1998.6.20,"6,323,000",0.0%,908,1,9,미국,"미국,영국",
340,윌러드,2006.3.9,"5,735,500",0.0%,889,2,34,미국,미국,㈜케이디미디어
341,애니 프란체스카,2006.11.23,"3,316,000",0.0%,877,1,59,한국,한국,
342,이사벨라,2006.9.28,"5,408,000",0.0%,860,3,151,홍콩,홍콩,CNS엔터테인먼트
342,달려라 장미,2006.2.10,"5,488,000",0.0%,860,3,258,한국,한국,(주)이모션픽처스
344,달빛 속삭임,2006.4.20,"5,440,500",0.0%,843,1,40,일본,일본,㈜인디스토리
345,라이 위드 미,2006.5.5,"5,576,000",0.0%,828,1,71,캐나다,캐나다,(주)코랄픽쳐스
346,"[통합]회고전, 기획전 등",,"3,891,000",0.0%,827,1,39,,,
347,액스 취업에 관한 위험한 안내서,2006.8.10,"5,425,000",0.0%,804,4,117,벨기에,"벨기에,프랑스,스페인",(주)액티버스엔터테인먼트
348,데자뷰,2007.1.11,"5,614,000",0.0%,802,10,14,미국,미국,한국소니픽쳐스릴리징브에나비스타영화㈜
349,키핑 멈,2006.7.14,"5,286,000",0.0%,787,2,92,영국,영국,미디어소프트
350,비단구두,2006.6.22,"5,173,000",0.0%,759,2,108,한국,한국,오리영화사
351,황혼의 빛,2006.12.14,"4,979,000",0.0%,723,1,52,핀란드,핀란드,(주)스폰지이엔티
352,레밍,2006.5.17,"4,879,500",0.0%,722,1,57,프랑스,프랑스,(주)스폰지이엔티
353,"굿모닝, 나잇",2006.12.1,"4,605,000",0.0%,676,1,73,이탈리아,이탈리아,(주)이모션픽처스
354,천국의 책방 - 연화,2006.4.27,"4,393,500",0.0%,664,1,92,일본,일본,프리비젼엔터테인먼트
355,오르페브르 36번가,,"3,160,000",0.0%,633,1,19,프랑스,프랑스,KBS
356,사이드웨이,2005.2.18,"2,997,500",0.0%,629,1,8,미국,미국,이십세기폭스필름코퍼레이션
357,숏버스,2009.3.12,"3,476,000",0.0%,582,1,3,미국,미국,실버스푼
358,시티 오브 갓,2005.11.4,"2,827,500",0.0%,578,1,18,미국,미국,프리비젼엔터테인먼트
359,무서운 영화 3,,"3,499,500",0.0%,553,2,60,미국,미국,(주)시네마서비스
360,토니 타키타니,2005.9.22,"2,624,500",0.0%,552,1,10,일본,일본,스폰지
361,아무도 모른다,2005.4.1,"2,594,000",0.0%,545,1,9,일본,일본,(주)동숭아트센터
361,다케시즈,2006.12.7,"3,768,500",0.0%,545,1,49,일본,일본,(주)스폰지이엔티
363,코드 46,2006.4.20,"3,764,000",0.0%,542,3,59,영국,영국,프리비젼엔터테인먼트
364,대통령을 죽여라,2006.10.13,"3,402,000",0.0%,539,1,111,미국,"미국,멕시코",(주)화인픽쳐스
365,디토네이터,2006.9.15,"3,500,000",0.0%,500,1,4,미국,미국,소니픽쳐스릴리징코리아
365,쉐도우맨,2006.12.7,"3,500,000",0.0%,500,1,4,미국,미국,한국소니픽쳐스릴리징브에나비스타영화㈜
365,페인터,2006.10.20,"3,500,000",0.0%,500,1,4,미국,미국,소니픽쳐스릴리징코리아
368,"온 더 로드, 투",2006.1.5,"3,170,500",0.0%,491,4,108,한국,한국,스폰지
369,프리덤랜드,2006.6.16,"3,379,500",0.0%,483,1,4,미국,미국,소니픽쳐스릴리징코리아
370,"세가지 사랑, 정사",2006.8.3,"3,268,000",0.0%,480,1,35,오스트리아,오스트리아,(주)코랄픽쳐스
371,브레인웨이브,2006.8.31,"2,550,000",0.0%,478,1,28,한국,한국,씨제이엔터테인먼트
372,판타스틱 플래닛,2004.4.9,"3,252,000",0.0%,465,1,7,프랑스,프랑스,㈜영화사 백두대간
373,버블,2006.5.11,"3,173,500",0.0%,459,1,20,미국,미국,(주)유레카픽쳐스
374,달콤한 인생,2005.4.1,"3,178,600",0.0%,457,1,8,한국,한국,씨제이엔터테인먼트
375,2006 [통합]단편영화,,"2,261,000",0.0%,453,2,48,,,
376,러브토크,2005.11.11,"1,998,500",0.0%,445,1,14,한국,한국,씨제이엔터테인먼트
377,파이널컷,2006.10.12,"2,934,000",0.0%,434,2,73,캐나다,"캐나다,독일",㈜미로비젼
378,과거가 없는 남자,2005.10.14,"2,110,000",0.0%,425,1,19,핀란드,핀란드,(주)영화랑
379,랜드 오브 플렌티,2005.9.16,"2,149,000",0.0%,406,1,29,독일,독일,스폰지
379,용서받지 못한 자,2005.11.18,"1,947,500",0.0%,406,1,23,한국,한국,영화사청어람(주)
381,광식이 동생 광태,2005.11.23,"2,661,000",0.0%,394,1,95,한국,한국,(주)엠케이픽처스
382,히노키오,2006.5.25,"2,698,000",0.0%,391,1,29,일본,일본,(주)스폰지이엔티
383,폴리스 비트,2006.9.8,"2,524,000",0.0%,375,1,93,미국,미국,(주)이모션픽처스
384,몽골리안 핑퐁,2006.9.21,"1,591,000",0.0%,369,1,29,중국,중국,씨제이엔터테인먼트
385,영국식 정원 살인사건,1996.12.28,"2,548,500",0.0%,366,1,6,영국,영국,
386,늑대의 제국,,"1,775,500",0.0%,358,1,23,프랑스,프랑스,KBS
387,불량공주 모모코,2005.9.2,"1,519,000",0.0%,355,1,10,일본,일본,씨제이엔터테인먼트
388,레닌그라드 카우보이 미국에 가다,1996.5.18,"2,392,500",0.0%,351,1,6,핀란드,핀란드,
389,거북이도 난다,2005.4.22,"1,527,000",0.0%,348,1,21,이란,이란,씨제이엔터테인먼트
390,빙 줄리아,2005.10.27,"1,572,500",0.0%,347,1,7,헝가리,헝가리,(주)쇼타임
391,사랑은 타이밍,2005.11.3,"1,566,500",0.0%,337,1,5,프랑스,프랑스,미디어필름인터내셔날(주)
392,파라다이스,2006.11.10,"2,021,000",0.0%,300,1,53,브라질,브라질,라인트리엔터테인먼트
393,줌,2006.12.28,"2,086,000",0.0%,298,1,14,독일,독일,㈜영화사 백두대간
394,택시 운전수의 사랑,2006.9.22,"1,253,000",0.0%,296,1,15,태국,태국,씨제이엔터테인먼트
394,"라스트 라이프, 라스트 러브",2005.9.2,"1,382,500",0.0%,296,1,6,태국,"태국,일본",(주)영화랑
396,멀홀랜드 드라이브,2001.11.30,"2,031,500",0.0%,292,1,4,미국,미국,
397,베를린 천사의 시,1993.5.15,"1,697,000",0.0%,291,1,5,독일,독일,
398,라이즈,2006.9.22,"1,226,000",0.0%,281,1,17,미국,미국,씨제이엔터테인먼트
399,69 식스티 나인,2005.3.25,"1,304,500",0.0%,271,1,10,일본,일본,스폰지
400,양아치어조,2006.6.23,"1,724,000",0.0%,255,1,64,한국,한국,영화사청어람(주)
401,아이들이 사는 성,,"574,000",0.0%,251,1,20,한국,한국,
402,쓰레기 시인,2006.9.21,"1,064,000",0.0%,246,1,16,이란,이란,씨제이엔터테인먼트
403,"여자, 정혜",2005.3.10,"1,016,500",0.0%,230,1,11,한국,한국,(주)쇼박스
403,큐어,,"1,610,000",0.0%,230,1,7,일본,일본,
405,가필드,2004.8.19,"1,225,500",0.0%,215,2,12,미국,미국,이십세기폭스필름코퍼레이션
406,그녀에게,2003.4.18,"1,408,000",0.0%,212,1,12,스페인,스페인,"판씨네마(주),㈜미로비젼"
407,화이트 마사이,2006.6.15,"1,052,000",0.0%,211,1,17,독일,독일,
408,인사이드 딥 스로트,2006.1.12,"1,408,000",0.0%,209,1,71,미국,미국,프리비젼엔터테인먼트
409,나쁜 교육,2004.9.17,"1,359,000",0.0%,205,1,12,스페인,스페인,(주)스폰지이엔티
410,오프사이드,2006.6.8,"1,397,000",0.0%,203,1,17,이란,이란,(주)스폰지이엔티
411,터치 오브 스파이스,2005.11.25,"1,244,000",0.0%,196,1,57,그리스,그리스,프리비젼엔터테인먼트
412,비브르 사 비,1997.5.3,"1,302,000",0.0%,186,1,5,프랑스,프랑스,㈜영화사 백두대간
413,도쿄타워,2005.11.23,"913,000",0.0%,185,1,21,일본,일본,스폰지
414,더 블루스-소울 오브 맨,2004.5.14,"1,060,000",0.0%,180,1,5,독일,독일,(주)스폰지이엔티
415,텐 미니츠 트럼펫,2002.11.8,"994,000",0.0%,176,1,4,독일,"독일,영국,미국",(주)스폰지이엔티
416,이레이저 헤드,1996.7.13,"1,163,000",0.0%,171,1,3,영국,영국,
416,천국의 아이들 2 - 시험보는 날,2005.11.17,"1,062,000",0.0%,171,1,52,이란,이란,(주)영화사한결
418,바이브레이터,2005.3.4,"777,000",0.0%,166,1,4,일본,일본,스폰지
419,몽상가들,2005.3.25,"781,500",0.0%,165,1,11,프랑스,프랑스,오드
420,나인 라이브스,,"980,000",0.0%,164,1,18,미국,미국,(주)영화사한결
421,부에나 비스타 소셜 클럽,2001.3.1,"918,000",0.0%,158,1,5,독일,독일,오드
422,드랙퀸 가무단,2005.7.8,"615,000",0.0%,145,1,6,대만,대만,씨제이엔터테인먼트
423,스파이더,2005.3.11,"639,000",0.0%,141,1,3,캐나다,캐나다,(주)동숭아트센터
424,에라곤,2007.1.11,"966,000",0.0%,138,1,1,미국,미국,이십세기폭스필름코퍼레이션
425,스윙어스,2006.5.11,"858,000",0.0%,129,1,29,네덜란드,네덜란드,
426,섹스와 철학,2005.12.9,"827,000",0.0%,128,1,54,프랑스,"프랑스,이란",(주)유레카픽쳐스
427,세일즈우먼,2006.5.18,"811,000",0.0%,125,1,32,프랑스,프랑스,프리비젼엔터테인먼트
428,봄날은 간다,2001.9.28,"620,000",0.0%,124,1,10,한국,한국,(주)시네마서비스
429,추방된 사람들,2005.5.20,"563,000",0.0%,123,1,3,프랑스,프랑스,판씨네마(주)
430,클로저,2005.2.3,"480,000",0.0%,120,1,26,미국,미국,소니픽쳐스릴리징코리아
431,루시아,2005.9.2,"539,000",0.0%,117,1,3,프랑스,프랑스,스폰지
432,마더,2005.6.24,"540,800",0.0%,116,1,6,영국,영국,(주)동숭아트센터
433,다섯은 너무 많아,2005.11.25,"561,000",0.0%,113,1,23,한국,한국,"(사)한국독립영화협회,아트플러스시네마네트워크"
434,파이란,2001.4.28,"510,000",0.0%,102,1,9,한국,한국,(주)튜브엔터테인먼트
435,나는 할렐루야 아줌마였다,1982.10.21,"555,000",0.0%,101,2,26,한국,한국,씨네마오병이어(주)
436,천리마 축구단,2005.8.26,"427,500",0.0%,93,1,4,영국,영국,(주)동숭아트센터
436,죽여주는 여자,2006.1.12,"635,000",0.0%,93,1,35,스페인,스페인,프리비젼엔터테인먼트
438,번지점프를 하다,2001.2.2,"455,000",0.0%,91,1,8,한국,한국,브에나비스타인터내셔널코리아
439,어떤 나라,2005.8.26,"410,500",0.0%,87,1,4,영국,영국,(주)동숭아트센터
439,기묘한 서커스,2006.10.19,"609,000",0.0%,87,1,7,일본,일본,(주)코랄픽쳐스
441,탕기,2006.12.28,"506,000",0.0%,74,1,8,프랑스,"프랑스,일본",거원시네마(주)
442,유희왕,2010.1.28,"194,000",0.0%,71,1,4,일본,일본,에이원엔터테인먼트
442,맥덜,2004.9.3,"305,000",0.0%,71,1,12,홍콩,홍콩,(주)스폰지이엔티
444,동백꽃,2005.9.16,"333,000",0.0%,67,1,17,한국,한국,㈜인디스토리
445,아름다운 세탁기,2005.7.8,"268,000",0.0%,65,1,3,말레이지아,말레이지아,씨제이엔터테인먼트
445,착신아리,2004.7.9,"352,000",0.0%,65,1,9,일본,일본,(주)쇼박스
447,킨제이 보고서,2005.5.13,"271,000",0.0%,64,1,3,미국,미국,미디어라인코리아
448,거북이는 의외로 빨리 헤엄친다,,"419,000",0.0%,60,1,1,일본,일본,(주)엔케이컨텐츠
449,사랑니,2005.9.29,"290,000",0.0%,58,1,9,한국,한국,(주)시네마서비스
450,클래식,2003.1.30,"280,000",0.0%,56,1,5,한국,한국,(주)시네마서비스
451,왕후 심청,2005.8.11,"117,000",0.0%,52,1,1,한국,한국,(주)영화사한결
452,로드무비,2002.10.17,"255,000",0.0%,51,1,9,한국,한국,"(주)시네마서비스,영화사청어람(주)"
453,잠복근무,2005.3.17,"248,000",0.0%,50,1,11,한국,한국,(주)쇼박스
454,셀룰러,2006.9.11,"311,000",0.0%,47,1,7,미국,미국,(주)태원엔터테인먼트
455,판타스틱 소녀백서,2002.6.21,"230,000",0.0%,46,1,8,영국,영국,시나브로엔터테인먼트(주)
456,빛나는 거짓,2005.9.16,"223,000",0.0%,45,1,15,한국,한국,㈜인디스토리
457,여고괴담,1998.5.30,"274,500",0.0%,41,1,10,한국,한국,
458,시월애,2000.9.9,"200,000",0.0%,40,1,4,한국,한국,브에나비스타인터내셔널코리아
459,철수♡영희,2005.1.7,"233,000",0.0%,39,1,7,한국,한국,스폰지
459,연애사진,2004.4.9,"195,000",0.0%,39,1,8,일본,일본,(주)스폰지이엔티
461,울프 크릭,2006.10.26,"266,000",0.0%,38,1,7,호주,호주,(주)스폰지이엔티
462,퍼펙트 스트레인저,2006.5.4,"184,000",0.0%,37,1,5,뉴질랜드,뉴질랜드,(주)스폰지이엔티
463,유령신부(애니),2005.11.3,"88,000",0.0%,36,1,1,영국,영국,워너브러더스 코리아(주)
464,탄생,2006.8.21,"213,000",0.0%,34,1,7,미국,미국,(주)태원엔터테인먼트
464,러시안 묵시록,2006.6.15,"200,000",0.0%,34,1,1,러시아,러시아,CNS엔터테인먼트
466,스카우트맨,2006.7.14,"200,000",0.0%,30,1,1,일본,일본,시네마밸리
466,서울공략,2006.1.20,"195,000",0.0%,30,1,1,홍콩,홍콩,미디어소프트
468,고스포드 파크,2002.4.12,"200,500",0.0%,29,1,1,영국,영국,이십세기폭스코리아(주)
468,더 레터,2006.8.10,"200,000",0.0%,29,1,1,태국,태국,CNS엔터테인먼트
470,태풍태양,2005.6.2,"121,500",0.0%,27,1,1,한국,한국,쇼이스트(주)
471,순애보,2000.12.9,"130,000",0.0%,26,1,5,한국,한국,
471,성녀 요한나,,"150,000",0.0%,26,1,12,헝가리,헝가리,
473,창공으로,2006.4.21,"166,500",0.0%,25,2,9,한국,한국,㈜트라이엄프픽쳐스
474,감염·예언,,"153,000",0.0%,24,1,2,일본,일본,
475,별별 이야기,2005.9.23,"53,000",0.0%,21,1,1,한국,한국,"영화사청어람(주),아트플러스시네마네트워크"
475,인 굿 컴퍼니,2005.8.26,"105,000",0.0%,21,1,8,미국,미국,스폰지
477,세계의 욕망 : 디지털 삼인삼색 2005,,"119,000",0.0%,20,1,5,한국,한국,
478,밀리언즈,2005.5.4,"91,000",0.0%,19,1,7,영국,영국,씨제이엔터테인먼트
479,범죄의 재구성,2004.4.15,"99,200",0.0%,17,1,8,한국,한국,(주)쇼박스
479,고양이의 보은,2003.8.8,"68,000",0.0%,17,1,4,일본,일본,씨제이엔터테인먼트
481,센과 치히로의 행방불명,2002.6.27,"81,000",0.0%,16,1,5,일본,일본,씨네그루(주)다우기술
482,라스트 씬,2005.11.3,"75,000",0.0%,15,1,1,일본,일본,스폰지
483,너는 내 운명,2005.9.23,"70,000",0.0%,14,1,7,한국,한국,씨제이엔터테인먼트
484,동감,2000.5.27,"60,000",0.0%,12,1,6,한국,한국,
485,조폭마누라2-돌아온 전설,2003.9.5,"36,000",0.0%,9,1,2,한국,한국,씨제이엔터테인먼트
486,녹색의자,2005.6.9,"27,500",0.0%,7,1,1,한국,한국,㈜미로비젼
486,신암행어사,2004.11.26,"13,000",0.0%,7,1,1,한국,"한국,일본",(주)시네마서비스
488,하울의 움직이는 성,2004.12.23,"24,000",0.0%,6,1,3,일본,일본,"(주)이수C&E,(주)시네마서비스"
488,인터미션,2006.4.28,"38,000",0.0%,6,1,4,아일랜드,"아일랜드,영국",
490,"우리, 사랑해도 되나요?",2005.12.15,"8,000",0.0%,2,1,1,미국,미국,이십세기폭스필름코퍼레이션
491,새드무비,2005.10.20,0,0.0%,0,1,2,한국,한국,"롯데쇼핑㈜롯데엔터테인먼트,아이러브시네마"
491,야수와 미녀,2005.10.27,0,0.0%,0,1,7,한국,한국,(주)쇼박스
491,골!,2005.11.4,0,0.0%,0,1,2,미국,미국,브에나비스타인터내셔널코리아
491,미스터 소크라테스,2005.11.10,0,0.0%,0,1,4,한국,한국,롯데쇼핑㈜롯데엔터테인먼트
491,"소년, 천국에 가다",2005.11.11,0,0.0%,0,1,5,한국,한국,"(주)쇼박스,영화사청어람(주)"
491,무영검,2005.11.18,0,0.0%,0,1,2,한국,한국,씨제이엔터테인먼트
491,나의 결혼원정기,2005.11.23,0,0.0%,0,1,7,한국,한국,롯데쇼핑㈜롯데엔터테인먼트
491,애인,2005.12.8,0,0.0%,0,1,1,한국,한국,(주)쇼박스
491,6월의 일기,2005.12.1,0,0.0%,0,1,4,한국,한국,(주)쇼박스
491,프라임 러브,2005.12.8,0,0.0%,0,1,1,미국,미국,(주)튜브엔터테인먼트
491,2006대종상영화제(본선 심사용 통합코드),2006.6.22,0,0.0%,0,4,43,,,
491,브레이크 업 : 이별후애(愛),2007.3.22,0,0.0%,0,2,3,미국,미국,유니버설픽쳐스인터내셔널 코리아(유)
491,언노운,,0,0.0%,0,2,4,미국,미국,(주)쇼박스
491,언니가 간다,2007.1.4,0,0.0%,0,11,11,한국,한국,(주)시네마서비스
491,미술관 옆 동물원,1998.12.19,0,0.0%,0,1,3,한국,한국,
491,집으로...,2002.4.4,0,0.0%,0,1,26,한국,한국,
491,캐리비안의 해적 : 블랙펄의 저주,2003.9.5,0,0.0%,0,1,2,미국,미국,월트디즈니코리아㈜
491,이프 온리,2004.10.29,0,0.0%,0,1,7,미국,미국,씨제이엔터테인먼트
491,내 생애 가장 아름다운 일주일,2005.10.7,0,0.0%,0,1,2,한국,한국,씨제이엔터테인먼트
491,강력 3반,2005.9.29,0,0.0%,0,1,1,한국,한국,롯데쇼핑㈜롯데엔터테인먼트
491,퍼펙트 웨딩(몬스터 인 로),2005.10.20,0,0.0%,0,1,2,미국,미국,(주)튜브엔터테인먼트
합계,,,"892,442,138,000",,"144,256,035","36,048","2,947,344",,,